ward,total_work_orders,total_amount,avg_project_amount,total_net_expenditure,avg_net_amount,total_deduction,avg_deduction,unique_contractors,drain_projects,road_projects,maintenance_projects,development_projects,water_projects,cluster,cluster_name
1,50,452302743,9046054.86,422240846,8444816.92,30061897,601237.94,32,3,15,4,23,1,0,High Development / High Expenditure
10,21,85734003,4082571.5714285714,80775153,3846435.8571428573,4958850,236135.7142857143,16,11,12,4,10,2,1,Low Development / Low Expenditure
100,7,187167893,26738270.42857143,160241009,22891572.714285713,26926884,3846697.714285714,3,5,5,0,5,0,0,High Development / High Expenditure
101,14,92440389,6602884.928571428,82409393,5886385.214285715,10030996,716499.7142857143,10,4,10,3,5,2,1,Low Development / Low Expenditure
102,32,252571495,7892859.21875,218078920,6814966.25,34492575,1077892.96875,26,12,14,5,13,0,0,High Development / High Expenditure
103,25,106017836,4240713.44,91764360,3670574.4,14253476,570139.04,17,4,6,7,8,2,1,Low Development / Low Expenditure
104,20,136369022,6818451.1,125891245,6294562.25,10477777,523888.85,13,2,6,3,3,2,1,Low Development / Low Expenditure
105,24,159011445,6625476.875,131937932,5497413.833333333,27073513,1128063.0416666667,20,3,8,3,6,4,1,Low Development / Low Expenditure
106,12,30691808,2557650.6666666665,26580641,2215053.4166666665,4111167,342597.25,11,0,4,4,1,1,1,Low Development / Low Expenditure
107,9,55232172,6136908.0,49619445,5513271.666666667,5612727,623636.3333333334,5,1,6,0,2,1,1,Low Development / Low Expenditure
108,12,102686980,8557248.333333334,83036810,6919734.166666667,19650170,1637514.1666666667,8,2,4,1,3,0,1,Low Development / Low Expenditure
109,14,79324216,5666015.428571428,69967706,4997693.285714285,9356510,668322.1428571428,8,2,9,1,6,0,1,Low Development / Low Expenditure
11,31,70566166,2276327.935483871,66255848,2137285.419354839,4310318,139042.51612903227,20,7,12,10,8,4,1,Low Development / Low Expenditure
110,16,46637580,2914848.75,41712562,2607035.125,4925018,307813.625,11,6,8,3,5,0,1,Low Development / Low Expenditure
111,22,56456757,2566216.227272727,53275915,2421632.5,3180842,144583.72727272726,18,4,10,8,8,3,1,Low Development / Low Expenditure
112,16,84544148,5284009.25,74402673,4650167.0625,10141475,633842.1875,13,4,8,1,6,0,1,Low Development / Low Expenditure
113,8,15018441,1877305.125,13916473,1739559.125,1101968,137746.0,7,3,4,5,2,1,1,Low Development / Low Expenditure
114,10,17548754,1754875.4,16318327,1631832.7,1230427,123042.7,8,3,4,3,3,0,1,Low Development / Low Expenditure
115,6,33860732,5643455.333333333,32149000,5358166.666666667,1711732,285288.6666666667,6,4,2,1,4,0,1,Low Development / Low Expenditure
116,13,80742507,6210962.076923077,72579429,5583033.0,8163078,627929.0769230769,11,4,7,3,6,2,1,Low Development / Low Expenditure
117,13,37016183,2847398.6923076925,34775546,2675042.0,2240637,172356.6923076923,11,4,6,4,5,1,1,Low Development / Low Expenditure
118,29,296449456,10222395.034482758,240898927,8306859.551724138,55550529,1915535.4827586208,22,7,14,3,17,1,0,High Development / High Expenditure
119,28,152678317,5452797.035714285,141042904,5037246.571428572,11635413,415550.46428571426,22,5,12,6,8,2,1,Low Development / Low Expenditure
12,31,306887890,9899609.35483871,269779682,8702570.387096774,37108208,1197038.9677419355,20,10,17,4,13,3,0,High Development / High Expenditure
120,9,48131523,5347947.0,42844382,4760486.888888889,5287141,587460.1111111111,5,2,6,4,2,0,1,Low Development / Low Expenditure
121,2,3048728,1524364.0,2432921,1216460.5,615807,307903.5,1,0,0,2,0,0,1,Low Development / Low Expenditure
122,20,44308986,2215449.3,37648130,1882406.5,6660856,333042.8,16,6,12,5,5,2,1,Low Development / Low Expenditure
123,15,75339804,5022653.6,68864863,4590990.866666666,6474941,431662.73333333334,11,4,8,3,3,3,1,Low Development / Low Expenditure
124,14,43458231,3104159.3571428573,37052874,2646633.8571428573,6405357,457525.5,13,2,6,3,1,3,1,Low Development / Low Expenditure
125,16,88473999,5529624.9375,80742606,5046412.875,7731393,483212.0625,12,0,3,3,4,1,1,Low Development / Low Expenditure
126,14,105877806,7562700.428571428,94803260,6771661.428571428,11074546,791039.0,12,2,2,3,4,2,1,Low Development / Low Expenditure
127,23,105004321,4565405.260869565,93294930,4056301.304347826,11709391,509103.95652173914,16,5,8,2,9,1,1,Low Development / Low Expenditure
128,42,341820234,8138577.0,298927305,7117316.785714285,42892929,1021260.2142857143,32,2,7,5,7,3,0,High Development / High Expenditure
129,27,249940648,9257061.037037037,225558347,8354012.851851852,24382301,903048.1851851852,20,5,14,6,9,1,0,High Development / High Expenditure
13,12,45023668,3751972.3333333335,40841686,3403473.8333333335,4181982,348498.5,10,1,4,5,4,0,1,Low Development / Low Expenditure
130,49,120095046,2450919.3061224488,106196344,2167272.326530612,13898702,283646.97959183675,20,25,27,6,37,0,0,High Development / High Expenditure
131,35,181095698,5174162.8,148313017,4237514.771428571,32782681,936648.0285714286,25,2,10,2,10,2,0,High Development / High Expenditure
132,6,13781090,2296848.3333333335,12511104,2085184.0,1269986,211664.33333333334,5,1,4,3,0,1,1,Low Development / Low Expenditure
133,6,18180620,3030103.3333333335,15740373,2623395.5,2440247,406707.8333333333,5,1,2,2,0,1,1,Low Development / Low Expenditure
134,12,31091395,2590949.5833333335,26380257,2198354.75,4711138,392594.8333333333,11,3,7,3,3,1,1,Low Development / Low Expenditure
135,11,26192962,2381178.3636363638,23903208,2173018.909090909,2289754,208159.45454545456,5,0,5,10,0,2,1,Low Development / Low Expenditure
136,5,16224781,3244956.2,14483835,2896767.0,1740946,348189.2,4,1,4,2,0,0,1,Low Development / Low Expenditure
137,12,58855949,4904662.416666667,53652910,4471075.833333333,5203039,433586.5833333333,9,2,4,2,2,0,1,Low Development / Low Expenditure
138,17,55192037,3246590.411764706,52356900,3079817.6470588236,2835137,166772.76470588235,5,5,9,3,5,1,1,Low Development / Low Expenditure
139,13,43147841,3319064.6923076925,41414070,3185697.6923076925,1733771,133367.0,9,0,3,1,1,3,1,Low Development / Low Expenditure
14,36,223181582,6199488.388888889,193427952,5372998.666666667,29753630,826489.7222222222,26,14,13,6,15,1,0,High Development / High Expenditure
140,20,297677804,14883890.2,232152977,11607648.85,65524827,3276241.35,11,10,16,5,11,0,0,High Development / High Expenditure
141,5,25578371,5115674.2,23715589,4743117.8,1862782,372556.4,5,0,1,1,1,2,1,Low Development / Low Expenditure
142,21,125771174,5989103.523809524,115277860,5489421.904761905,10493314,499681.61904761905,17,9,8,5,10,4,1,Low Development / Low Expenditure
143,31,203099416,6551594.064516129,182940841,5901317.451612903,20158575,650276.6129032258,20,11,18,2,17,2,0,High Development / High Expenditure
144,26,105623830,4062455.0,98677412,3795285.076923077,6946418,267169.92307692306,19,2,9,4,11,2,1,Low Development / Low Expenditure
145,35,383532210,10958063.142857144,357790078,10222573.657142857,25742132,735489.4857142858,28,13,17,5,19,2,0,High Development / High Expenditure
146,19,53320359,2806334.6842105263,49584636,2609717.6842105263,3735723,196617.0,14,5,5,4,5,2,1,Low Development / Low Expenditure
147,21,88317505,4205595.476190476,81609081,3886146.714285714,6708424,319448.7619047619,18,5,9,4,6,3,1,Low Development / Low Expenditure
148,55,190263637,3459338.8545454545,178479734,3245086.0727272728,11783903,214252.78181818183,27,10,31,3,14,11,0,High Development / High Expenditure
149,47,306442595,6520055.212765957,275269972,5856807.914893617,31172623,663247.2978723404,23,12,34,6,14,16,0,High Development / High Expenditure
15,16,45707719,2856732.4375,39791954,2486997.125,5915765,369735.3125,13,6,10,3,3,2,1,Low Development / Low Expenditure
150,54,555051382,10278729.296296297,504643292,9345246.148148147,50408090,933483.1481481482,28,31,42,6,29,8,0,High Development / High Expenditure
151,41,275454351,6718398.804878049,257644217,6284005.292682927,17810134,434393.51219512196,27,19,17,2,23,4,0,High Development / High Expenditure
152,27,343206284,12711343.851851853,317312693,11752321.962962963,25893591,959021.8888888889,15,8,17,1,9,1,0,High Development / High Expenditure
153,56,455496026,8133857.607142857,431204223,7700075.410714285,24291803,433782.1964285714,26,10,22,12,20,9,0,High Development / High Expenditure
154,28,368814601,13171950.035714285,338629884,12093924.42857143,30184717,1078025.607142857,20,2,11,8,9,0,0,High Development / High Expenditure
155,20,66395663,3319783.15,60199204,3009960.2,6196459,309822.95,18,5,3,6,13,1,1,Low Development / Low Expenditure
156,12,133946813,11162234.416666666,117017671,9751472.583333334,16929142,1410761.8333333333,10,4,4,2,6,2,1,Low Development / Low Expenditure
157,11,18152745,1650249.5454545454,15511695,1410154.0909090908,2641050,240095.45454545456,11,1,4,3,0,3,1,Low Development / Low Expenditure
158,10,39227122,3922712.2,33312321,3331232.1,5914801,591480.1,10,2,2,2,2,3,1,Low Development / Low Expenditure
159,39,489528744,12552019.076923076,448123788,11490353.538461538,41404956,1061665.5384615385,20,12,10,2,19,5,0,High Development / High Expenditure
16,22,166769173,7580416.954545454,149020891,6773676.863636363,17748282,806740.0909090909,11,3,8,5,10,4,1,Low Development / Low Expenditure
160,37,127913633,3457125.2162162163,110455793,2985291.7027027025,17457840,471833.5135135135,25,16,21,9,14,3,0,High Development / High Expenditure
161,22,225353448,10243338.545454545,204867631,9312165.045454545,20485817,931173.5,17,9,9,3,12,1,0,High Development / High Expenditure
162,27,293064285,10854232.777777778,258786605,9584689.074074075,34277680,1269543.7037037036,16,5,7,4,17,3,0,High Development / High Expenditure
163,18,216213984,12011888.0,191495180,10638621.111111112,24718804,1373266.888888889,14,2,3,2,9,2,1,Low Development / Low Expenditure
164,10,153655170,15365517.0,141132120,14113212.0,12523050,1252305.0,9,0,2,1,3,3,1,Low Development / Low Expenditure
165,22,260802310,11854650.454545455,239560737,10889124.409090908,21241573,965526.0454545454,15,4,9,5,11,0,0,High Development / High Expenditure
166,25,169209864,6768394.56,141436000,5657440.0,27773864,1110954.56,16,5,8,2,12,1,1,Low Development / Low Expenditure
167,52,322699951,6205768.288461538,296835679,5708378.442307692,25864272,497389.8461538461,24,5,19,8,18,1,0,High Development / High Expenditure
168,20,40430395,2021519.75,35586849,1779342.45,4843546,242177.3,15,4,3,8,6,1,1,Low Development / Low Expenditure
169,22,114518165,5205371.136363637,106173221,4826055.5,8344944,379315.63636363635,15,7,7,6,9,2,1,Low Development / Low Expenditure
17,21,277081553,13194359.666666666,234973853,11189231.095238095,42107700,2005128.5714285714,14,3,10,4,3,3,0,High Development / High Expenditure
170,20,53773525,2688676.25,46304435,2315221.75,7469090,373454.5,14,10,13,5,12,1,1,Low Development / Low Expenditure
171,15,55352593,3690172.8666666667,43297099,2886473.2666666666,12055494,803699.6,11,7,6,3,6,1,1,Low Development / Low Expenditure
172,24,74161234,3090051.4166666665,69682147,2903422.7916666665,4479087,186628.625,19,8,8,4,13,4,1,Low Development / Low Expenditure
173,31,129056531,4163113.9032258065,117350705,3785506.6129032257,11705826,377607.29032258067,15,12,16,2,22,3,1,Low Development / Low Expenditure
174,43,335859620,7810688.837209302,313182781,7283320.488372093,22676839,527368.3488372093,27,11,21,9,25,3,0,High Development / High Expenditure
175,43,564208870,13121136.511627907,527461340,12266542.790697675,36747530,854593.7209302326,21,10,21,8,27,2,0,High Development / High Expenditure
176,28,145493318,5196189.928571428,135182688,4827953.142857143,10310630,368236.78571428574,19,13,20,1,16,6,0,High Development / High Expenditure
177,16,29581031,1848814.4375,26367160,1647947.5,3213871,200866.9375,11,5,5,2,7,0,1,Low Development / Low Expenditure
178,13,38239587,2941506.6923076925,34229962,2633074.0,4009625,308432.6923076923,12,7,4,4,6,1,1,Low Development / Low Expenditure
179,13,25965432,1997340.923076923,23982309,1844793.0,1983123,152547.92307692306,10,5,7,2,5,0,1,Low Development / Low Expenditure
18,14,57553596,4110971.1428571427,53278293,3805592.3571428573,4275303,305378.78571428574,9,3,6,5,6,1,1,Low Development / Low Expenditure
180,8,35838628,4479828.5,32661710,4082713.75,3176918,397114.75,7,3,4,0,5,0,1,Low Development / Low Expenditure
181,48,347037523,7229948.395833333,311075878,6480747.458333333,35961645,749200.9375,27,19,19,3,34,0,0,High Development / High Expenditure
182,36,320484789,8902355.25,292604569,8127904.694444444,27880220,774450.5555555555,20,7,10,2,26,1,0,High Development / High Expenditure
183,12,105030972,8752581.0,94850046,7904170.5,10180926,848410.5,7,4,6,0,8,0,1,Low Development / Low Expenditure
184,46,495607145,10774068.369565217,455185388,9895334.52173913,40421757,878733.8478260869,32,17,29,5,29,2,0,High Development / High Expenditure
185,4,10084125,2521031.25,8912941,2228235.25,1171184,292796.0,3,1,2,1,1,1,1,Low Development / Low Expenditure
186,20,111422723,5571136.15,104752457,5237622.85,6670266,333513.3,15,5,9,5,9,3,1,Low Development / Low Expenditure
187,15,84768117,5651207.8,77405485,5160365.666666667,7362632,490842.13333333336,13,4,10,5,2,2,1,Low Development / Low Expenditure
188,26,230186493,8853326.653846154,218457302,8402203.923076924,11729191,451122.73076923075,15,10,20,11,18,1,0,High Development / High Expenditure
189,13,76846481,5911267.769230769,71664587,5512660.538461538,5181894,398607.23076923075,11,9,11,2,7,1,1,Low Development / Low Expenditure
19,13,83325093,6409622.538461538,79293395,6099491.923076923,4031698,310130.6153846154,11,3,4,2,4,1,1,Low Development / Low Expenditure
190,19,98334921,5175522.157894737,93261443,4908497.0,5073478,267025.15789473685,14,11,13,4,11,1,1,Low Development / Low Expenditure
191,22,162922061,7405548.2272727275,151021736,6864624.363636363,11900325,540923.8636363636,15,8,17,4,12,0,1,Low Development / Low Expenditure
192,27,159807421,5918793.37037037,149738162,5545857.851851852,10069259,372935.51851851854,22,6,15,8,8,3,1,Low Development / Low Expenditure
193,20,228081712,11404085.6,213441261,10672063.05,14640451,732022.55,10,9,15,3,16,1,0,High Development / High Expenditure
194,38,482596689,12699912.868421054,451809973,11889736.131578946,30786716,810176.7368421053,28,15,22,10,18,1,0,High Development / High Expenditure
195,16,177566741,11097921.3125,165569927,10348120.4375,11996814,749800.875,14,9,9,4,9,1,1,Low Development / Low Expenditure
196,21,195412749,9305369.0,172368745,8208035.476190476,23044004,1097333.5238095238,11,10,13,3,12,1,0,High Development / High Expenditure
197,12,44649284,3720773.6666666665,40181323,3348443.5833333335,4467961,372330.0833333333,9,3,4,2,5,1,1,Low Development / Low Expenditure
198,36,448914677,12469852.138888888,379098266,10530507.388888888,69816411,1939344.75,17,12,20,2,17,1,0,High Development / High Expenditure
2,28,123431385,4408263.75,113766640,4063094.285714286,9664745,345169.46428571426,22,4,9,4,10,3,1,Low Development / Low Expenditure
20,12,126789447,10565787.25,119624516,9968709.666666666,7164931,597077.5833333334,11,3,7,2,5,1,1,Low Development / Low Expenditure
21,7,23366186,3338026.5714285714,21242258,3034608.285714286,2123928,303418.28571428574,6,0,2,2,2,0,1,Low Development / Low Expenditure
22,7,63342018,9048859.714285715,59965031,8566433.0,3376987,482426.71428571426,5,4,6,2,3,0,1,Low Development / Low Expenditure
23,16,49026391,3064149.4375,44972136,2810758.5,4054255,253390.9375,11,5,10,2,5,1,1,Low Development / Low Expenditure
24,19,175124990,9217104.736842105,146690195,7720536.578947368,28434795,1496568.1578947369,17,1,5,3,3,3,1,Low Development / Low Expenditure
25,31,495539419,15985142.548387097,453274136,14621746.322580645,42265283,1363396.2258064516,17,15,24,1,10,14,0,High Development / High Expenditure
26,61,331281099,5430837.68852459,311974284,5114332.5245901635,19306815,316505.1639344262,25,29,47,2,30,25,0,High Development / High Expenditure
27,15,63897516,4259834.4,59715441,3981029.4,4182075,278805.0,11,3,8,2,4,1,1,Low Development / Low Expenditure
28,16,32434831,2027176.9375,28993953,1812122.0625,3440878,215054.875,11,5,7,3,6,1,1,Low Development / Low Expenditure
29,17,36203818,2129636.3529411764,33719409,1983494.6470588236,2484409,146141.70588235295,10,4,7,2,10,1,1,Low Development / Low Expenditure
3,73,488576666,6692831.04109589,454125962,6220903.589041096,34450704,471927.4520547945,47,27,45,9,46,2,0,High Development / High Expenditure
30,12,36969713,3080809.4166666665,31235597,2602966.4166666665,5734116,477843.0,9,3,4,2,3,1,1,Low Development / Low Expenditure
31,43,202734734,4714761.2558139535,188780615,4390246.860465116,13954119,324514.3953488372,24,22,28,5,31,8,0,High Development / High Expenditure
32,29,149948398,5170634.413793104,139595573,4813640.448275862,10352825,356993.9655172414,20,17,18,1,24,1,0,High Development / High Expenditure
33,24,200181847,8340910.291666667,188640952,7860039.666666667,11540895,480870.625,11,16,14,2,17,0,0,High Development / High Expenditure
34,20,87692053,4384602.65,82265442,4113272.1,5426611,271330.55,13,11,12,4,8,2,1,Low Development / Low Expenditure
35,30,404996532,13499884.4,375772360,12525745.333333334,29224172,974139.0666666667,21,4,10,8,10,1,0,High Development / High Expenditure
36,11,58883927,5353084.2727272725,53868931,4897175.545454546,5014996,455908.7272727273,8,0,7,4,2,0,1,Low Development / Low Expenditure
37,12,109095876,9091323.0,100440681,8370056.75,8655195,721266.25,8,1,5,2,2,0,1,Low Development / Low Expenditure
38,14,115288840,8234917.142857143,106176072,7584005.142857143,9112768,650912.0,10,0,6,2,3,0,1,Low Development / Low Expenditure
39,21,115917921,5519901.0,105080744,5003844.952380952,10837177,516056.04761904763,17,8,13,3,5,0,1,Low Development / Low Expenditure
4,62,519450808,8378238.838709678,486313790,7843770.806451613,33137018,534468.0322580645,40,18,28,3,29,0,0,High Development / High Expenditure
40,30,304942059,10164735.3,251418838,8380627.933333334,53523221,1784107.3666666667,17,15,19,5,19,2,0,High Development / High Expenditure
41,12,55859701,4654975.083333333,51068261,4255688.416666667,4791440,399286.6666666667,9,5,8,0,2,1,1,Low Development / Low Expenditure
42,45,138586059,3079690.2,123402832,2742285.1555555556,15183227,337405.0444444445,17,6,19,16,13,8,0,High Development / High Expenditure
43,55,401829770,7305995.818181818,333948104,6071783.709090909,67881666,1234212.1090909091,27,23,26,12,30,1,0,High Development / High Expenditure
44,57,338345474,5935885.50877193,290653279,5099180.333333333,47692195,836705.1754385965,24,20,20,13,21,2,0,High Development / High Expenditure
45,27,254433262,9423454.148148147,206416897,7645070.259259259,48016365,1778383.888888889,16,4,10,4,7,3,0,High Development / High Expenditure
46,30,183553667,6118455.566666666,172176714,5739223.8,11376953,379231.76666666666,23,10,18,5,21,1,0,High Development / High Expenditure
47,30,61742427,2058080.9,56176322,1872544.0666666667,5566105,185536.83333333334,18,12,10,7,17,3,1,Low Development / Low Expenditure
48,17,88948276,5232251.529411765,82279977,4839998.647058823,6668299,392252.8823529412,13,10,9,2,11,1,1,Low Development / Low Expenditure
49,13,23901810,1838600.7692307692,22066991,1697460.8461538462,1834819,141139.92307692306,10,3,4,1,3,1,1,Low Development / Low Expenditure
5,50,253185450,5063709.0,238251573,4765031.46,14933877,298677.54,22,23,29,4,26,1,0,High Development / High Expenditure
50,24,200733538,8363897.416666667,178420300,7434179.166666667,22313238,929718.25,12,13,19,6,13,1,0,High Development / High Expenditure
51,14,76637278,5474091.285714285,72279564,5162826.0,4357714,311265.28571428574,11,2,4,1,8,0,1,Low Development / Low Expenditure
52,38,229481620,6038990.0,211368234,5562321.947368421,18113386,476668.05263157893,27,25,28,1,24,0,0,High Development / High Expenditure
53,33,190442475,5770984.090909091,178416811,5406570.03030303,12025664,364414.0606060606,23,17,20,1,18,4,0,High Development / High Expenditure
54,45,553731351,12305141.133333333,508840043,11307556.51111111,44891308,997584.6222222223,27,17,36,6,20,11,0,High Development / High Expenditure
55,35,154648590,4418531.142857143,145051022,4144314.9142857143,9597568,274216.22857142857,23,16,17,3,14,4,0,High Development / High Expenditure
56,20,99815673,4990783.65,92940373,4647018.65,6875300,343765.0,14,9,13,2,14,3,1,Low Development / Low Expenditure
57,20,303724176,15186208.8,266184307,13309215.35,37539869,1876993.45,11,14,13,6,11,1,0,High Development / High Expenditure
58,25,424930726,16997229.04,363672262,14546890.48,61258464,2450338.56,17,17,16,5,15,1,0,High Development / High Expenditure
59,20,71341237,3567061.85,64643033,3232151.65,6698204,334910.2,15,6,7,1,7,6,1,Low Development / Low Expenditure
6,33,235369967,7132423.242424242,224027224,6788703.757575758,11342743,343719.48484848486,23,19,25,2,22,3,0,High Development / High Expenditure
60,21,56539422,2692353.4285714286,53264536,2536406.476190476,3274886,155946.95238095237,14,2,6,2,10,1,1,Low Development / Low Expenditure
61,15,40552454,2703496.933333333,38111339,2540755.933333333,2441115,162741.0,13,7,9,2,12,2,1,Low Development / Low Expenditure
62,17,109710710,6453571.176470588,102849341,6049961.235294118,6861369,403609.9411764706,12,6,5,5,5,3,1,Low Development / Low Expenditure
63,12,164403726,13700310.5,141651060,11804255.0,22752666,1896055.5,11,9,10,1,6,0,1,Low Development / Low Expenditure
64,22,89588629,4072210.409090909,83463107,3793777.590909091,6125522,278432.8181818182,13,5,6,5,13,0,1,Low Development / Low Expenditure
65,34,420468085,12366708.38235294,384946647,11321960.205882354,35521438,1044748.1764705882,20,5,14,6,12,0,0,High Development / High Expenditure
66,19,66923126,3522269.789473684,59296090,3120846.8421052634,7627036,401422.94736842107,12,3,4,2,6,0,1,Low Development / Low Expenditure
67,44,239067924,5433361.909090909,206763202,4699163.681818182,32304722,734198.2272727273,28,6,7,9,7,5,0,High Development / High Expenditure
68,31,181614569,5858534.483870967,156640757,5052927.645161291,24973812,805606.8387096775,24,14,18,5,17,4,0,High Development / High Expenditure
69,20,168158724,8407936.2,149710728,7485536.4,18447996,922399.8,11,2,9,5,6,3,1,Low Development / Low Expenditure
7,43,157456577,3661780.8604651163,141096970,3281324.88372093,16359607,380455.9767441861,27,16,16,8,16,2,0,High Development / High Expenditure
70,11,98346584,8940598.545454545,87047187,7913380.636363637,11299397,1027217.9090909091,10,6,9,1,4,0,1,Low Development / Low Expenditure
71,13,49807381,3831337.0,45308976,3485305.846153846,4498405,346031.1538461539,9,2,6,3,3,2,1,Low Development / Low Expenditure
72,22,155806477,7082112.590909091,143821910,6537359.545454546,11984567,544753.0454545454,16,6,6,5,8,1,1,Low Development / Low Expenditure
73,27,108578385,4021421.6666666665,95267924,3528441.6296296297,13310461,492980.037037037,19,4,12,5,10,4,1,Low Development / Low Expenditure
74,28,164342433,5869372.607142857,138491243,4946115.821428572,25851190,923256.7857142857,21,7,11,6,16,1,0,High Development / High Expenditure
75,43,292318770,6798110.930232558,254046279,5908053.0,38272491,890057.9302325582,20,5,12,8,21,0,0,High Development / High Expenditure
76,15,18220371,1214691.4,16441958,1096130.5333333334,1778413,118560.86666666667,10,3,5,4,1,0,1,Low Development / Low Expenditure
77,14,64713437,4622388.357142857,57818730,4129909.285714286,6894707,492479.0714285714,10,2,5,3,4,0,1,Low Development / Low Expenditure
78,34,183224092,5388943.882352941,171396804,5041082.470588235,11827288,347861.4117647059,26,11,23,6,17,1,0,High Development / High Expenditure
79,21,69619245,3315202.1428571427,65403420,3114448.5714285714,4215825,200753.57142857142,15,3,9,7,8,1,1,Low Development / Low Expenditure
8,29,142677950,4919929.310344827,130826318,4511252.344827586,11851632,408676.9655172414,20,9,9,3,11,3,1,Low Development / Low Expenditure
80,17,94211712,5541865.411764706,87389984,5140587.294117647,6821728,401278.1176470588,13,5,8,4,5,1,1,Low Development / Low Expenditure
81,27,182624157,6763857.666666667,170800425,6325941.666666667,11823732,437916.0,20,12,20,2,9,1,0,High Development / High Expenditure
82,49,168658169,3442003.448979592,150250057,3066327.6938775512,18408112,375675.7551020408,36,22,26,13,21,4,0,High Development / High Expenditure
83,29,256897512,8858534.896551725,232426734,8014714.9655172415,24470778,843819.9310344828,17,13,23,5,12,4,0,High Development / High Expenditure
84,29,142546923,4915411.137931035,121348276,4184423.3103448274,21198647,730987.8275862068,15,16,21,6,13,0,0,High Development / High Expenditure
85,25,167075576,6683023.04,152103210,6084128.4,14972366,598894.64,21,8,13,5,14,2,0,High Development / High Expenditure
86,25,143819790,5752791.6,132980023,5319200.92,10839767,433590.68,21,12,15,2,15,1,1,Low Development / Low Expenditure
87,20,124446146,6222307.3,116416939,5820846.95,8029207,401460.35,14,7,10,2,5,0,1,Low Development / Low Expenditure
88,27,338848745,12549953.518518519,288587297,10688418.407407407,50261448,1861535.111111111,17,16,19,5,14,1,0,High Development / High Expenditure
89,28,94290864,3367530.8571428573,84979124,3034968.714285714,9311740,332562.14285714284,10,13,22,5,17,0,1,Low Development / Low Expenditure
9,29,214019256,7379974.344827586,195388770,6737543.793103448,18630486,642430.551724138,21,15,20,6,15,1,0,High Development / High Expenditure
90,11,39797634,3617966.727272727,36204750,3291340.909090909,3592884,326625.8181818182,8,4,6,1,5,1,1,Low Development / Low Expenditure
91,14,45611477,3257962.6428571427,42377041,3026931.5,3234436,231031.14285714287,11,8,5,1,8,1,1,Low Development / Low Expenditure
92,23,83315871,3622429.1739130435,78176757,3398989.434782609,5139114,223439.73913043478,12,12,18,3,7,0,1,Low Development / Low Expenditure
93,15,105754417,7050294.466666667,83294927,5552995.133333334,22459490,1497299.3333333333,15,5,8,0,3,0,1,Low Development / Low Expenditure
94,21,94309937,4490949.380952381,84685636,4032649.3333333335,9624301,458300.04761904763,12,3,7,10,2,1,1,Low Development / Low Expenditure
95,19,55256354,2908229.1578947366,48519607,2553663.5263157897,6736747,354565.63157894736,8,4,11,6,2,2,1,Low Development / Low Expenditure
96,7,50642886,7234698.0,45203198,6457599.714285715,5439688,777098.2857142857,5,2,4,2,2,0,1,Low Development / Low Expenditure
97,13,79288923,6099147.923076923,70813940,5447226.153846154,8474983,651921.7692307692,5,1,4,4,4,0,1,Low Development / Low Expenditure
98,7,24059778,3437111.1428571427,20238624,2891232.0,3821154,545879.1428571428,4,4,2,2,2,0,1,Low Development / Low Expenditure
99,16,61157435,3822339.6875,53387242,3336702.625,7770193,485637.0625,9,2,6,5,2,0,1,Low Development / Low Expenditure
o001,1,3784000,3784000.0,3422092,3422092.0,361908,361908.0,1,1,1,0,0,0,1,Low Development / Low Expenditure
o002,1,3915000,3915000.0,3723450,3723450.0,191550,191550.0,1,1,1,0,0,0,1,Low Development / Low Expenditure
o003,2,3753100,1876550.0,3540288,1770144.0,212812,106406.0,2,2,0,0,0,1,1,Low Development / Low Expenditure
o004,1,1637000,1637000.0,1559663,1559663.0,77337,77337.0,1,1,0,0,0,0,1,Low Development / Low Expenditure
o017,1,18432863,18432863.0,16477398,16477398.0,1955465,1955465.0,1,0,0,0,0,0,1,Low Development / Low Expenditure
o048,3,17367628,5789209.333333333,16511358,5503786.0,856270,285423.3333333333,2,3,3,0,3,0,1,Low Development / Low Expenditure
o062,3,2443450,814483.3333333334,2325300,775100.0,118150,39383.333333333336,3,3,3,0,0,0,1,Low Development / Low Expenditure
o124,3,74007726,24669242.0,65033066,21677688.666666668,8974660,2991553.3333333335,1,0,0,0,3,0,1,Low Development / Low Expenditure
o132,5,46400400,9280080.0,42209314,8441862.8,4191086,838217.2,2,5,5,0,5,5,1,Low Development / Low Expenditure
o157,5,28236000,5647200.0,24597164,4919432.8,3638836,727767.2,3,5,5,0,5,5,1,Low Development / Low Expenditure
o175,2,3621449,1810724.5,3307873,1653936.5,313576,156788.0,2,1,2,1,1,0,1,Low Development / Low Expenditure
